path,label
test/0.wav,0
test/1.wav,0
test/2.wav,0
test/3.wav,0
test/4.wav,0
test/5.wav,0
test/6.wav,0
test/7.wav,0
test/8.wav,0
test/9.wav,0
test/10.wav,0
test/11.wav,0
test/12.wav,0
test/13.wav,0
test/14.wav,0
test/15.wav,0
test/16.wav,0
test/17.wav,0
test/18.wav,0
test/19.wav,0
test/20.wav,0
test/21.wav,0
test/22.wav,0
test/23.wav,0
test/24.wav,0
test/25.wav,0
test/26.wav,0
test/27.wav,0
test/28.wav,0
test/29.wav,0
test/30.wav,0
test/31.wav,0
test/32.wav,0
test/33.wav,0
test/34.wav,0
test/35.wav,0
test/36.wav,0
test/37.wav,0
test/38.wav,0
test/39.wav,0
test/40.wav,0
test/41.wav,0
test/42.wav,0
test/43.wav,0
test/44.wav,0
test/45.wav,0
test/46.wav,0
test/47.wav,0
test/48.wav,0
test/49.wav,0
test/50.wav,0
test/51.wav,0
test/52.wav,0
test/53.wav,0
test/54.wav,0
test/55.wav,0
test/56.wav,0
test/57.wav,0
test/58.wav,0
test/59.wav,0
test/60.wav,0
test/61.wav,0
test/62.wav,0
test/63.wav,0
test/64.wav,0
test/65.wav,0
test/66.wav,0
test/67.wav,0
test/68.wav,0
test/69.wav,0
test/70.wav,0
test/71.wav,0
test/72.wav,0
test/73.wav,0
test/74.wav,0
test/75.wav,0
test/76.wav,0
test/77.wav,0
test/78.wav,0
test/79.wav,0
test/80.wav,0
test/81.wav,0
test/82.wav,0
test/83.wav,0
test/84.wav,0
test/85.wav,0
test/86.wav,0
test/87.wav,0
test/88.wav,0
test/89.wav,0
test/90.wav,0
test/91.wav,0
test/92.wav,0
test/93.wav,0
test/94.wav,0
test/95.wav,0
test/96.wav,0
test/97.wav,0
test/98.wav,0
test/99.wav,0
test/100.wav,0
test/101.wav,0
test/102.wav,0
test/103.wav,0
test/104.wav,0
test/105.wav,0
test/106.wav,0
test/107.wav,0
test/108.wav,0
test/109.wav,0
test/110.wav,0
test/111.wav,0
test/112.wav,0
test/113.wav,0
test/114.wav,0
test/115.wav,0
test/116.wav,0
test/117.wav,0
test/118.wav,0
test/119.wav,0
test/120.wav,0
test/121.wav,0
test/122.wav,0
test/123.wav,0
test/124.wav,0
test/125.wav,0
test/126.wav,0
test/127.wav,0
test/128.wav,0
test/129.wav,0
test/130.wav,0
test/131.wav,0
test/132.wav,0
test/133.wav,0
test/134.wav,0
test/135.wav,0
test/136.wav,0
test/137.wav,0
test/138.wav,0
test/139.wav,0
test/140.wav,0
test/141.wav,0
test/142.wav,0
test/143.wav,0
test/144.wav,0
test/145.wav,0
test/146.wav,0
test/147.wav,0
test/148.wav,0
test/149.wav,0
test/150.wav,0
test/151.wav,0
test/152.wav,0
test/153.wav,0
test/154.wav,0
test/155.wav,0
test/156.wav,0
test/157.wav,0
test/158.wav,0
test/159.wav,0
test/160.wav,0
test/161.wav,0
test/162.wav,0
test/163.wav,0
test/164.wav,0
test/165.wav,0
test/166.wav,0
test/167.wav,0
test/168.wav,0
test/169.wav,0
test/170.wav,0
test/171.wav,0
test/172.wav,0
test/173.wav,0
test/174.wav,0
test/175.wav,0
test/176.wav,0
test/177.wav,0
test/178.wav,0
test/179.wav,0
test/180.wav,0
test/181.wav,0
test/182.wav,0
test/183.wav,0
test/184.wav,0
test/185.wav,0
test/186.wav,0
test/187.wav,0
test/188.wav,0
test/189.wav,0
test/190.wav,0
test/191.wav,0
test/192.wav,0
test/193.wav,0
test/194.wav,0
test/195.wav,0
test/196.wav,0
test/197.wav,0
test/198.wav,0
test/199.wav,0
test/200.wav,0
test/201.wav,0
test/202.wav,0
test/203.wav,0
test/204.wav,0
test/205.wav,0
test/206.wav,0
test/207.wav,0
test/208.wav,0
test/209.wav,0
test/210.wav,0
test/211.wav,0
test/212.wav,0
test/213.wav,0
test/214.wav,0
test/215.wav,0
test/216.wav,0
test/217.wav,0
test/218.wav,0
test/219.wav,0
test/220.wav,0
test/221.wav,0
test/222.wav,0
test/223.wav,0
test/224.wav,0
test/225.wav,0
test/226.wav,0
test/227.wav,0
test/228.wav,0
test/229.wav,0
test/230.wav,0
test/231.wav,0
test/232.wav,0
test/233.wav,0
test/234.wav,0
test/235.wav,0
test/236.wav,0
test/237.wav,0
test/238.wav,0
test/239.wav,0
test/240.wav,0
test/241.wav,0
test/242.wav,0
test/243.wav,0
test/244.wav,0
test/245.wav,0
test/246.wav,0
test/247.wav,0
test/248.wav,0
test/249.wav,0
test/250.wav,0
test/251.wav,0
test/252.wav,0
test/253.wav,0
test/254.wav,0
test/255.wav,0
test/256.wav,0
test/257.wav,0
test/258.wav,0
test/259.wav,0
test/260.wav,0
test/261.wav,0
test/262.wav,0
test/263.wav,0
test/264.wav,0
test/265.wav,0
test/266.wav,0
test/267.wav,0
test/268.wav,0
test/269.wav,0
test/270.wav,0
test/271.wav,0
test/272.wav,0
test/273.wav,0
test/274.wav,0
test/275.wav,0
test/276.wav,0
test/277.wav,0
test/278.wav,0
test/279.wav,0
test/280.wav,0
test/281.wav,0
test/282.wav,0
test/283.wav,0
test/284.wav,0
test/285.wav,0
test/286.wav,0
test/287.wav,0
test/288.wav,0
test/289.wav,0
test/290.wav,0
test/291.wav,0
test/292.wav,0
test/293.wav,0
test/294.wav,0
test/295.wav,0
test/296.wav,0
test/297.wav,0
test/298.wav,0
test/299.wav,0
test/300.wav,0
test/301.wav,0
test/302.wav,0
test/303.wav,0
test/304.wav,0
test/305.wav,0
test/306.wav,0
test/307.wav,0
test/308.wav,0
test/309.wav,0
test/310.wav,0
test/311.wav,0
test/312.wav,0
test/313.wav,0
test/314.wav,0
test/315.wav,0
test/316.wav,0
test/317.wav,0
test/318.wav,0
test/319.wav,0
test/320.wav,0
test/321.wav,0
test/322.wav,0
test/323.wav,0
test/324.wav,0
test/325.wav,0
test/326.wav,0
test/327.wav,0
test/328.wav,0
test/329.wav,0
test/330.wav,0
test/331.wav,0
test/332.wav,0
test/333.wav,0
test/334.wav,0
test/335.wav,0
test/336.wav,0
test/337.wav,0
test/338.wav,0
test/339.wav,0
test/340.wav,0
test/341.wav,0
test/342.wav,0
test/343.wav,0
test/344.wav,0
test/345.wav,0
test/346.wav,0
test/347.wav,0
test/348.wav,0
test/349.wav,0
test/350.wav,0
test/351.wav,0
test/352.wav,0
test/353.wav,0
test/354.wav,0
test/355.wav,0
test/356.wav,0
test/357.wav,0
test/358.wav,0
test/359.wav,0
test/360.wav,0
test/361.wav,0
test/362.wav,0
test/363.wav,0
test/364.wav,0
test/365.wav,0
test/366.wav,0
test/367.wav,0
test/368.wav,0
test/369.wav,0
test/370.wav,0
test/371.wav,0
test/372.wav,0
test/373.wav,0
test/374.wav,0
test/375.wav,0
test/376.wav,0
test/377.wav,0
test/378.wav,0
test/379.wav,0
test/380.wav,0
test/381.wav,0
test/382.wav,0
test/383.wav,0
test/384.wav,0
test/385.wav,0
test/386.wav,0
test/387.wav,0
test/388.wav,0
test/389.wav,0
test/390.wav,0
test/391.wav,0
test/392.wav,0
test/393.wav,0
test/394.wav,0
test/395.wav,0
test/396.wav,0
test/397.wav,0
test/398.wav,0
test/399.wav,0
test/400.wav,0
test/401.wav,0
test/402.wav,0
test/403.wav,0
test/404.wav,0
test/405.wav,0
test/406.wav,0
test/407.wav,0
test/408.wav,0
test/409.wav,0
test/410.wav,0
test/411.wav,0
test/412.wav,0
test/413.wav,0
test/414.wav,0
test/415.wav,0
test/416.wav,0
test/417.wav,0
test/418.wav,0
test/419.wav,0
test/420.wav,0
test/421.wav,0
test/422.wav,0
test/423.wav,0
test/424.wav,0
test/425.wav,0
test/426.wav,0
test/427.wav,0
test/428.wav,0
test/429.wav,0
test/430.wav,0
test/431.wav,0
test/432.wav,0
test/433.wav,0
test/434.wav,0
test/435.wav,0
test/436.wav,0
test/437.wav,0
test/438.wav,0
test/439.wav,0
test/440.wav,0
test/441.wav,0
test/442.wav,0
test/443.wav,0
test/444.wav,0
test/445.wav,0
test/446.wav,0
test/447.wav,0
test/448.wav,0
test/449.wav,0
test/450.wav,0
test/451.wav,0
test/452.wav,0
test/453.wav,0
test/454.wav,0
test/455.wav,0
test/456.wav,0
test/457.wav,0
test/458.wav,0
test/459.wav,0
test/460.wav,0
test/461.wav,0
test/462.wav,0
test/463.wav,0
test/464.wav,0
test/465.wav,0
test/466.wav,0
test/467.wav,0
test/468.wav,0
test/469.wav,0
test/470.wav,0
test/471.wav,0
test/472.wav,0
test/473.wav,0
test/474.wav,0
test/475.wav,0
test/476.wav,0
test/477.wav,0
test/478.wav,0
test/479.wav,0
test/480.wav,0
test/481.wav,0
test/482.wav,0
test/483.wav,0
test/484.wav,0
test/485.wav,0
test/486.wav,0
test/487.wav,0
test/488.wav,0
test/489.wav,0
test/490.wav,0
test/491.wav,0
test/492.wav,0
test/493.wav,0
test/494.wav,0
test/495.wav,0
test/496.wav,0
test/497.wav,0
test/498.wav,0
test/499.wav,0
test/500.wav,0
test/501.wav,0
test/502.wav,0
test/503.wav,0
test/504.wav,0
test/505.wav,0
test/506.wav,0
test/507.wav,0
test/508.wav,0
test/509.wav,0
test/510.wav,0
test/511.wav,0
test/512.wav,0
test/513.wav,0
test/514.wav,0
test/515.wav,0
test/516.wav,0
test/517.wav,0
test/518.wav,0
test/519.wav,0
test/520.wav,0
test/521.wav,0
test/522.wav,0
test/523.wav,0
test/524.wav,0
test/525.wav,0
test/526.wav,0
test/527.wav,0
test/528.wav,0
test/529.wav,0
test/530.wav,0
test/531.wav,0
test/532.wav,0
test/533.wav,0
test/534.wav,0
test/535.wav,0
test/536.wav,0
test/537.wav,0
test/538.wav,0
test/539.wav,0
test/540.wav,0
test/541.wav,0
test/542.wav,0
test/543.wav,0
test/544.wav,0
test/545.wav,0
test/546.wav,0
test/547.wav,0
test/548.wav,0
test/549.wav,0
test/550.wav,0
test/551.wav,0
test/552.wav,0
test/553.wav,0
test/554.wav,0
test/555.wav,0
test/556.wav,0
test/557.wav,0
test/558.wav,0
test/559.wav,0
test/560.wav,0
test/561.wav,0
test/562.wav,0
test/563.wav,0
test/564.wav,0
test/565.wav,0
test/566.wav,0
test/567.wav,0
test/568.wav,0
test/569.wav,0
test/570.wav,0
test/571.wav,0
test/572.wav,0
test/573.wav,0
test/574.wav,0
test/575.wav,0
test/576.wav,0
test/577.wav,0
test/578.wav,0
test/579.wav,0
test/580.wav,0
test/581.wav,0
test/582.wav,0
test/583.wav,0
test/584.wav,0
test/585.wav,0
test/586.wav,0
test/587.wav,0
test/588.wav,0
test/589.wav,0
test/590.wav,0
test/591.wav,0
test/592.wav,0
test/593.wav,0
test/594.wav,0
test/595.wav,0
test/596.wav,0
test/597.wav,0
test/598.wav,0
test/599.wav,0
test/600.wav,0
test/601.wav,0
test/602.wav,0
test/603.wav,0
test/604.wav,0
test/605.wav,0
test/606.wav,0
test/607.wav,0
test/608.wav,0
test/609.wav,0
test/610.wav,0
test/611.wav,0
test/612.wav,0
test/613.wav,0
test/614.wav,0
test/615.wav,0
test/616.wav,0
test/617.wav,0
test/618.wav,0
test/619.wav,0
test/620.wav,0
test/621.wav,0
test/622.wav,0
test/623.wav,0
test/624.wav,0
test/625.wav,0
test/626.wav,0
test/627.wav,0
test/628.wav,0
test/629.wav,0
test/630.wav,0
test/631.wav,0
test/632.wav,0
test/633.wav,0
test/634.wav,0
test/635.wav,0
test/636.wav,0
test/637.wav,0
test/638.wav,0
test/639.wav,0
test/640.wav,0
test/641.wav,0
test/642.wav,0
test/643.wav,0
test/644.wav,0
test/645.wav,0
test/646.wav,0
test/647.wav,0
test/648.wav,0
test/649.wav,0
test/650.wav,0
test/651.wav,0
test/652.wav,0
test/653.wav,0
test/654.wav,0
test/655.wav,0
test/656.wav,0
test/657.wav,0
test/658.wav,0
test/659.wav,0
test/660.wav,0
test/661.wav,0
test/662.wav,0
test/663.wav,0
test/664.wav,0
test/665.wav,0
test/666.wav,0
test/667.wav,0
test/668.wav,0
test/669.wav,0
test/670.wav,0
test/671.wav,0
test/672.wav,0
test/673.wav,0
test/674.wav,0
test/675.wav,0
test/676.wav,0
test/677.wav,0
test/678.wav,0
test/679.wav,0
test/680.wav,0
test/681.wav,0
test/682.wav,0
test/683.wav,0
test/684.wav,0
test/685.wav,0
test/686.wav,0
test/687.wav,0
test/688.wav,0
test/689.wav,0
test/690.wav,0
test/691.wav,0
test/692.wav,0
test/693.wav,0
test/694.wav,0
test/695.wav,0
test/696.wav,0
test/697.wav,0
test/698.wav,0
test/699.wav,0
test/700.wav,0
test/701.wav,0
test/702.wav,0
test/703.wav,0
test/704.wav,0
test/705.wav,0
test/706.wav,0
test/707.wav,0
test/708.wav,0
test/709.wav,0
test/710.wav,0
test/711.wav,0
test/712.wav,0
test/713.wav,0
test/714.wav,0
test/715.wav,0
test/716.wav,0
test/717.wav,0
test/718.wav,0
test/719.wav,0
test/720.wav,0
test/721.wav,0
test/722.wav,0
test/723.wav,0
test/724.wav,0
test/725.wav,0
test/726.wav,0
test/727.wav,0
test/728.wav,0
test/729.wav,0
test/730.wav,0
test/731.wav,0
test/732.wav,0
test/733.wav,0
test/734.wav,0
test/735.wav,0
test/736.wav,0
test/737.wav,0
test/738.wav,0
test/739.wav,0
test/740.wav,0
test/741.wav,0
test/742.wav,0
test/743.wav,0
test/744.wav,0
test/745.wav,0
test/746.wav,0
test/747.wav,0
test/748.wav,0
test/749.wav,0
test/750.wav,0
test/751.wav,0
test/752.wav,0
test/753.wav,0
test/754.wav,0
test/755.wav,0
test/756.wav,0
test/757.wav,0
test/758.wav,0
test/759.wav,0
test/760.wav,0
test/761.wav,0
test/762.wav,0
test/763.wav,0
test/764.wav,0
test/765.wav,0
test/766.wav,0
test/767.wav,0
test/768.wav,0
test/769.wav,0
test/770.wav,0
test/771.wav,0
test/772.wav,0
test/773.wav,0
test/774.wav,0
test/775.wav,0
test/776.wav,0
test/777.wav,0
test/778.wav,0
test/779.wav,0
test/780.wav,0
test/781.wav,0
test/782.wav,0
test/783.wav,0
test/784.wav,0
test/785.wav,0
test/786.wav,0
test/787.wav,0
test/788.wav,0
test/789.wav,0
test/790.wav,0
test/791.wav,0
test/792.wav,0
test/793.wav,0
test/794.wav,0
test/795.wav,0
test/796.wav,0
test/797.wav,0
test/798.wav,0
test/799.wav,0
test/800.wav,0
test/801.wav,0
test/802.wav,0
test/803.wav,0
test/804.wav,0
test/805.wav,0
test/806.wav,0
test/807.wav,0
test/808.wav,0
test/809.wav,0
test/810.wav,0
test/811.wav,0
test/812.wav,0
test/813.wav,0
test/814.wav,0
test/815.wav,0
test/816.wav,0
test/817.wav,0
test/818.wav,0
test/819.wav,0
test/820.wav,0
test/821.wav,0
test/822.wav,0
test/823.wav,0
test/824.wav,0
test/825.wav,0
test/826.wav,0
test/827.wav,0
test/828.wav,0
test/829.wav,0
test/830.wav,0
test/831.wav,0
test/832.wav,0
test/833.wav,0
test/834.wav,0
test/835.wav,0
test/836.wav,0
test/837.wav,0
test/838.wav,0
test/839.wav,0
test/840.wav,0
test/841.wav,0
test/842.wav,0
test/843.wav,0
test/844.wav,0
test/845.wav,0
test/846.wav,0
test/847.wav,0
test/848.wav,0
test/849.wav,0
test/850.wav,0
test/851.wav,0
test/852.wav,0
test/853.wav,0
test/854.wav,0
test/855.wav,0
test/856.wav,0
test/857.wav,0
test/858.wav,0
test/859.wav,0
test/860.wav,0
test/861.wav,0
test/862.wav,0
test/863.wav,0
test/864.wav,0
test/865.wav,0
test/866.wav,0
test/867.wav,0
test/868.wav,0
test/869.wav,0
test/870.wav,0
test/871.wav,0
test/872.wav,0
test/873.wav,0
test/874.wav,0
test/875.wav,0
test/876.wav,0
test/877.wav,0
test/878.wav,0
test/879.wav,0
test/880.wav,0
test/881.wav,0
test/882.wav,0
test/883.wav,0
test/884.wav,0
test/885.wav,0
test/886.wav,0
test/887.wav,0
test/888.wav,0
test/889.wav,0
test/890.wav,0
test/891.wav,0
test/892.wav,0
test/893.wav,0
test/894.wav,0
test/895.wav,0
test/896.wav,0
test/897.wav,0
test/898.wav,0
test/899.wav,0
test/900.wav,0
test/901.wav,0
test/902.wav,0
test/903.wav,0
test/904.wav,0
test/905.wav,0
test/906.wav,0
test/907.wav,0
test/908.wav,0
test/909.wav,0
test/910.wav,0
test/911.wav,0
test/912.wav,0
test/913.wav,0
test/914.wav,0
test/915.wav,0
test/916.wav,0
test/917.wav,0
test/918.wav,0
test/919.wav,0
test/920.wav,0
test/921.wav,0
test/922.wav,0
test/923.wav,0
test/924.wav,0
test/925.wav,0
test/926.wav,0
test/927.wav,0
test/928.wav,0
test/929.wav,0
test/930.wav,0
test/931.wav,0
test/932.wav,0
test/933.wav,0
test/934.wav,0
test/935.wav,0
test/936.wav,0
test/937.wav,0
test/938.wav,0
test/939.wav,0
test/940.wav,0
test/941.wav,0
test/942.wav,0
test/943.wav,0
test/944.wav,0
test/945.wav,0
test/946.wav,0
test/947.wav,0
test/948.wav,0
test/949.wav,0
test/950.wav,0
test/951.wav,0
test/952.wav,0
test/953.wav,0
test/954.wav,0
test/955.wav,0
test/956.wav,0
test/957.wav,0
test/958.wav,0
test/959.wav,0
test/960.wav,0
test/961.wav,0
test/962.wav,0
test/963.wav,0
test/964.wav,0
test/965.wav,0
test/966.wav,0
test/967.wav,0
test/968.wav,0
test/969.wav,0
test/970.wav,0
test/971.wav,0
test/972.wav,0
test/973.wav,0
test/974.wav,0
test/975.wav,0
test/976.wav,0
test/977.wav,0
test/978.wav,0
test/979.wav,0
test/980.wav,0
test/981.wav,0
test/982.wav,0
test/983.wav,0
test/984.wav,0
test/985.wav,0
test/986.wav,0
test/987.wav,0
test/988.wav,0
test/989.wav,0
test/990.wav,0
test/991.wav,0
test/992.wav,0
test/993.wav,0
test/994.wav,0
test/995.wav,0
test/996.wav,0
test/997.wav,0
test/998.wav,0
test/999.wav,0
test/1000.wav,0
test/1001.wav,0
test/1002.wav,0
test/1003.wav,0
test/1004.wav,0
test/1005.wav,0
test/1006.wav,0
test/1007.wav,0
test/1008.wav,0
test/1009.wav,0
test/1010.wav,0
test/1011.wav,0
test/1012.wav,0
test/1013.wav,0
test/1014.wav,0
test/1015.wav,0
test/1016.wav,0
test/1017.wav,0
test/1018.wav,0
test/1019.wav,0
test/1020.wav,0
test/1021.wav,0
test/1022.wav,0
test/1023.wav,0
test/1024.wav,0
test/1025.wav,0
test/1026.wav,0
test/1027.wav,0
test/1028.wav,0
test/1029.wav,0
test/1030.wav,0
test/1031.wav,0
test/1032.wav,0
test/1033.wav,0
test/1034.wav,0
test/1035.wav,0
test/1036.wav,0
test/1037.wav,0
test/1038.wav,0
test/1039.wav,0
test/1040.wav,0
test/1041.wav,0
test/1042.wav,0
test/1043.wav,0
test/1044.wav,0
test/1045.wav,0
test/1046.wav,0
test/1047.wav,0
test/1048.wav,0
test/1049.wav,0
test/1050.wav,0
test/1051.wav,0
test/1052.wav,0
test/1053.wav,0
test/1054.wav,0
test/1055.wav,0
test/1056.wav,0
test/1057.wav,0
test/1058.wav,0
test/1059.wav,0
test/1060.wav,0
test/1061.wav,0
test/1062.wav,0
test/1063.wav,0
test/1064.wav,0
test/1065.wav,0
test/1066.wav,0
test/1067.wav,0
test/1068.wav,0
test/1069.wav,0
test/1070.wav,0
test/1071.wav,0
test/1072.wav,0
test/1073.wav,0
test/1074.wav,0
test/1075.wav,0
test/1076.wav,0
test/1077.wav,0
test/1078.wav,0
test/1079.wav,0
test/1080.wav,0
test/1081.wav,0
test/1082.wav,0
test/1083.wav,0
test/1084.wav,0
test/1085.wav,0
test/1086.wav,0
test/1087.wav,0
test/1088.wav,0
test/1089.wav,0
test/1090.wav,0
test/1091.wav,0
test/1092.wav,0
test/1093.wav,0
test/1094.wav,0
test/1095.wav,0
test/1096.wav,0
test/1097.wav,0
test/1098.wav,0
test/1099.wav,0
test/1100.wav,0
test/1101.wav,0
test/1102.wav,0
test/1103.wav,0
test/1104.wav,0
test/1105.wav,0
test/1106.wav,0
test/1107.wav,0
test/1108.wav,0
test/1109.wav,0
test/1110.wav,0
test/1111.wav,0
test/1112.wav,0
test/1113.wav,0
test/1114.wav,0
test/1115.wav,0
test/1116.wav,0
test/1117.wav,0
test/1118.wav,0
test/1119.wav,0
test/1120.wav,0
test/1121.wav,0
test/1122.wav,0
test/1123.wav,0
test/1124.wav,0
test/1125.wav,0
test/1126.wav,0
test/1127.wav,0
test/1128.wav,0
test/1129.wav,0
test/1130.wav,0
test/1131.wav,0
test/1132.wav,0
test/1133.wav,0
test/1134.wav,0
test/1135.wav,0
test/1136.wav,0
test/1137.wav,0
test/1138.wav,0
test/1139.wav,0
test/1140.wav,0
test/1141.wav,0
test/1142.wav,0
test/1143.wav,0
test/1144.wav,0
test/1145.wav,0
test/1146.wav,0
test/1147.wav,0
test/1148.wav,0
test/1149.wav,0
test/1150.wav,0
test/1151.wav,0
test/1152.wav,0
test/1153.wav,0
test/1154.wav,0
test/1155.wav,0
test/1156.wav,0
test/1157.wav,0
test/1158.wav,0
test/1159.wav,0
test/1160.wav,0
test/1161.wav,0
test/1162.wav,0
test/1163.wav,0
test/1164.wav,0
test/1165.wav,0
test/1166.wav,0
test/1167.wav,0
test/1168.wav,0
test/1169.wav,0
test/1170.wav,0
test/1171.wav,0
test/1172.wav,0
test/1173.wav,0
test/1174.wav,0
test/1175.wav,0
test/1176.wav,0
test/1177.wav,0
test/1178.wav,0
test/1179.wav,0
test/1180.wav,0
test/1181.wav,0
test/1182.wav,0
test/1183.wav,0
test/1184.wav,0
test/1185.wav,0
test/1186.wav,0
test/1187.wav,0
test/1188.wav,0
test/1189.wav,0
test/1190.wav,0
test/1191.wav,0
test/1192.wav,0
test/1193.wav,0
test/1194.wav,0
test/1195.wav,0
test/1196.wav,0
test/1197.wav,0
test/1198.wav,0
test/1199.wav,0
test/1200.wav,0
test/1201.wav,0
test/1202.wav,0
test/1203.wav,0
test/1204.wav,0
test/1205.wav,0
test/1206.wav,0
test/1207.wav,0
test/1208.wav,0
test/1209.wav,0
test/1210.wav,0
test/1211.wav,0
test/1212.wav,0
test/1213.wav,0
test/1214.wav,0
test/1215.wav,0
test/1216.wav,0
test/1217.wav,0
test/1218.wav,0
test/1219.wav,0
test/1220.wav,0
test/1221.wav,0
test/1222.wav,0
test/1223.wav,0
test/1224.wav,0
test/1225.wav,0
test/1226.wav,0
test/1227.wav,0
test/1228.wav,0
test/1229.wav,0
test/1230.wav,0
test/1231.wav,0
test/1232.wav,0
test/1233.wav,0
test/1234.wav,0
test/1235.wav,0
test/1236.wav,0
test/1237.wav,0
test/1238.wav,0
test/1239.wav,0
test/1240.wav,0
test/1241.wav,0
test/1242.wav,0
test/1243.wav,0
test/1244.wav,0
test/1245.wav,0
test/1246.wav,0
test/1247.wav,0
test/1248.wav,0
test/1249.wav,0
test/1250.wav,0
test/1251.wav,0
test/1252.wav,0
test/1253.wav,0
test/1254.wav,0
test/1255.wav,0
test/1256.wav,0
test/1257.wav,0
test/1258.wav,0
test/1259.wav,0
test/1260.wav,0
test/1261.wav,0
test/1262.wav,0
test/1263.wav,0
test/1264.wav,0
test/1265.wav,0
test/1266.wav,0
test/1267.wav,0
test/1268.wav,0
test/1269.wav,0
test/1270.wav,0
test/1271.wav,0
test/1272.wav,0
test/1273.wav,0
test/1274.wav,0
test/1275.wav,0
test/1276.wav,0
test/1277.wav,0
test/1278.wav,0
test/1279.wav,0
test/1280.wav,0
test/1281.wav,0
test/1282.wav,0
test/1283.wav,0
test/1284.wav,0
test/1285.wav,0
test/1286.wav,0
test/1287.wav,0
test/1288.wav,0
test/1289.wav,0
test/1290.wav,0
test/1291.wav,0
test/1292.wav,0
test/1293.wav,0
test/1294.wav,0
test/1295.wav,0
test/1296.wav,0
test/1297.wav,0
test/1298.wav,0
test/1299.wav,0
test/1300.wav,0
test/1301.wav,0
test/1302.wav,0
test/1303.wav,0
test/1304.wav,0
test/1305.wav,0
test/1306.wav,0
test/1307.wav,0
test/1308.wav,0
test/1309.wav,0
test/1310.wav,0
test/1311.wav,0
test/1312.wav,0
test/1313.wav,0
test/1314.wav,0
test/1315.wav,0
test/1316.wav,0
test/1317.wav,0
test/1318.wav,0
test/1319.wav,0
test/1320.wav,0
test/1321.wav,0
test/1322.wav,0
test/1323.wav,0
test/1324.wav,0
test/1325.wav,0
test/1326.wav,0
test/1327.wav,0
test/1328.wav,0
test/1329.wav,0
test/1330.wav,0
test/1331.wav,0
test/1332.wav,0
test/1333.wav,0
test/1334.wav,0
test/1335.wav,0
test/1336.wav,0
test/1337.wav,0
test/1338.wav,0
test/1339.wav,0
test/1340.wav,0
test/1341.wav,0
test/1342.wav,0
test/1343.wav,0
test/1344.wav,0
test/1345.wav,0
test/1346.wav,0
test/1347.wav,0
test/1348.wav,0
test/1349.wav,0
test/1350.wav,0
test/1351.wav,0
test/1352.wav,0
test/1353.wav,0
test/1354.wav,0
test/1355.wav,0
test/1356.wav,0
test/1357.wav,0
test/1358.wav,0
test/1359.wav,0
test/1360.wav,0
test/1361.wav,0
test/1362.wav,0
test/1363.wav,0
test/1364.wav,0
test/1365.wav,0
test/1366.wav,0
test/1367.wav,0
test/1368.wav,0
test/1369.wav,0
test/1370.wav,0
test/1371.wav,0
test/1372.wav,0
test/1373.wav,0
test/1374.wav,0
test/1375.wav,0
test/1376.wav,0
test/1377.wav,0
test/1378.wav,0
test/1379.wav,0
test/1380.wav,0
test/1381.wav,0
test/1382.wav,0
test/1383.wav,0
test/1384.wav,0
test/1385.wav,0
test/1386.wav,0
test/1387.wav,0
test/1388.wav,0
test/1389.wav,0
test/1390.wav,0
test/1391.wav,0
test/1392.wav,0
test/1393.wav,0
test/1394.wav,0
test/1395.wav,0
test/1396.wav,0
test/1397.wav,0
test/1398.wav,0
test/1399.wav,0
test/1400.wav,0
test/1401.wav,0
test/1402.wav,0
test/1403.wav,0
test/1404.wav,0
test/1405.wav,0
test/1406.wav,0
test/1407.wav,0
test/1408.wav,0
test/1409.wav,0
test/1410.wav,0
test/1411.wav,0
test/1412.wav,0
test/1413.wav,0
test/1414.wav,0
test/1415.wav,0
test/1416.wav,0
test/1417.wav,0
test/1418.wav,0
test/1419.wav,0
test/1420.wav,0
test/1421.wav,0
test/1422.wav,0
test/1423.wav,0
test/1424.wav,0
test/1425.wav,0
test/1426.wav,0
test/1427.wav,0
test/1428.wav,0
test/1429.wav,0
test/1430.wav,0
test/1431.wav,0
test/1432.wav,0
test/1433.wav,0
test/1434.wav,0
test/1435.wav,0
test/1436.wav,0
test/1437.wav,0
test/1438.wav,0
test/1439.wav,0
test/1440.wav,0
test/1441.wav,0
test/1442.wav,0
test/1443.wav,0
test/1444.wav,0
test/1445.wav,0
test/1446.wav,0
test/1447.wav,0
test/1448.wav,0
test/1449.wav,0
test/1450.wav,0
test/1451.wav,0
test/1452.wav,0
test/1453.wav,0
test/1454.wav,0
test/1455.wav,0
test/1456.wav,0
test/1457.wav,0
test/1458.wav,0
test/1459.wav,0
test/1460.wav,0
test/1461.wav,0
test/1462.wav,0
test/1463.wav,0
test/1464.wav,0
test/1465.wav,0
test/1466.wav,0
test/1467.wav,0
test/1468.wav,0
test/1469.wav,0
test/1470.wav,0
test/1471.wav,0
test/1472.wav,0
test/1473.wav,0
test/1474.wav,0
test/1475.wav,0
test/1476.wav,0
test/1477.wav,0
test/1478.wav,0
test/1479.wav,0
test/1480.wav,0
test/1481.wav,0
test/1482.wav,0
test/1483.wav,0
test/1484.wav,0
test/1485.wav,0
test/1486.wav,0
test/1487.wav,0
test/1488.wav,0
test/1489.wav,0
test/1490.wav,0
test/1491.wav,0
test/1492.wav,0
test/1493.wav,0
test/1494.wav,0
test/1495.wav,0
test/1496.wav,0
test/1497.wav,0
test/1498.wav,0
test/1499.wav,0
test/1500.wav,0
test/1501.wav,0
test/1502.wav,0
test/1503.wav,0
test/1504.wav,0
test/1505.wav,0
test/1506.wav,0
test/1507.wav,0
test/1508.wav,0
test/1509.wav,0
test/1510.wav,0
test/1511.wav,0
test/1512.wav,0
test/1513.wav,0
test/1514.wav,0
test/1515.wav,0
test/1516.wav,0
test/1517.wav,0
test/1518.wav,0
test/1519.wav,0
test/1520.wav,0
test/1521.wav,0
test/1522.wav,0
test/1523.wav,0
test/1524.wav,0
test/1525.wav,0
test/1526.wav,0
test/1527.wav,0
test/1528.wav,0
test/1529.wav,0
test/1530.wav,0
test/1531.wav,0
test/1532.wav,0
test/1533.wav,0
test/1534.wav,0
test/1535.wav,0
test/1536.wav,0
test/1537.wav,0
test/1538.wav,0
test/1539.wav,0
test/1540.wav,0
test/1541.wav,0
test/1542.wav,0
test/1543.wav,0
test/1544.wav,0
test/1545.wav,0
test/1546.wav,0
test/1547.wav,0
test/1548.wav,0
test/1549.wav,0
test/1550.wav,0
test/1551.wav,0
test/1552.wav,0
test/1553.wav,0
test/1554.wav,0
test/1555.wav,0
test/1556.wav,0
test/1557.wav,0
test/1558.wav,0
test/1559.wav,0
test/1560.wav,0
test/1561.wav,0
test/1562.wav,0
test/1563.wav,0
test/1564.wav,0
test/1565.wav,0
test/1566.wav,0
test/1567.wav,0
test/1568.wav,0
test/1569.wav,0
test/1570.wav,0
test/1571.wav,0
test/1572.wav,0
test/1573.wav,0
test/1574.wav,0
test/1575.wav,0
test/1576.wav,0
test/1577.wav,0
test/1578.wav,0
test/1579.wav,0
test/1580.wav,0
test/1581.wav,0
test/1582.wav,0
test/1583.wav,0
test/1584.wav,0
test/1585.wav,0
test/1586.wav,0
test/1587.wav,0
test/1588.wav,0
test/1589.wav,0
test/1590.wav,0
test/1591.wav,0
test/1592.wav,0
test/1593.wav,0
test/1594.wav,0
test/1595.wav,0
test/1596.wav,0
test/1597.wav,0
test/1598.wav,0
test/1599.wav,0
test/1600.wav,0
test/1601.wav,0
test/1602.wav,0
test/1603.wav,0
test/1604.wav,0
test/1605.wav,0
test/1606.wav,0
test/1607.wav,0
test/1608.wav,0
test/1609.wav,0
test/1610.wav,0
test/1611.wav,0
test/1612.wav,0
test/1613.wav,0
test/1614.wav,0
test/1615.wav,0
test/1616.wav,0
test/1617.wav,0
test/1618.wav,0
test/1619.wav,0
test/1620.wav,0
test/1621.wav,0
test/1622.wav,0
test/1623.wav,0
test/1624.wav,0
test/1625.wav,0
test/1626.wav,0
test/1627.wav,0
test/1628.wav,0
test/1629.wav,0
test/1630.wav,0
test/1631.wav,0
test/1632.wav,0
test/1633.wav,0
test/1634.wav,0
test/1635.wav,0
test/1636.wav,0
test/1637.wav,0
test/1638.wav,0
test/1639.wav,0
test/1640.wav,0
test/1641.wav,0
test/1642.wav,0
test/1643.wav,0
test/1644.wav,0
test/1645.wav,0
test/1646.wav,0
test/1647.wav,0
test/1648.wav,0
test/1649.wav,0
test/1650.wav,0
test/1651.wav,0
test/1652.wav,0
test/1653.wav,0
test/1654.wav,0
test/1655.wav,0
test/1656.wav,0
test/1657.wav,0
test/1658.wav,0
test/1659.wav,0
test/1660.wav,0
test/1661.wav,0
test/1662.wav,0
test/1663.wav,0
test/1664.wav,0
test/1665.wav,0
test/1666.wav,0
test/1667.wav,0
test/1668.wav,0
test/1669.wav,0
test/1670.wav,0
test/1671.wav,0
test/1672.wav,0
test/1673.wav,0
test/1674.wav,0
test/1675.wav,0
test/1676.wav,0
test/1677.wav,0
test/1678.wav,0
test/1679.wav,0
test/1680.wav,0
test/1681.wav,0
test/1682.wav,0
test/1683.wav,0
test/1684.wav,0
test/1685.wav,0
test/1686.wav,0
test/1687.wav,0
test/1688.wav,0
test/1689.wav,0
test/1690.wav,0
test/1691.wav,0
test/1692.wav,0
test/1693.wav,0
test/1694.wav,0
test/1695.wav,0
test/1696.wav,0
test/1697.wav,0
test/1698.wav,0
test/1699.wav,0
test/1700.wav,0
test/1701.wav,0
test/1702.wav,0
test/1703.wav,0
test/1704.wav,0
test/1705.wav,0
test/1706.wav,0
test/1707.wav,0
test/1708.wav,0
test/1709.wav,0
test/1710.wav,0
test/1711.wav,0
test/1712.wav,0
test/1713.wav,0
test/1714.wav,0
test/1715.wav,0
test/1716.wav,0
test/1717.wav,0
test/1718.wav,0
test/1719.wav,0
test/1720.wav,0
test/1721.wav,0
test/1722.wav,0
test/1723.wav,0
test/1724.wav,0
test/1725.wav,0
test/1726.wav,0
test/1727.wav,0
test/1728.wav,0
test/1729.wav,0
test/1730.wav,0
test/1731.wav,0
test/1732.wav,0
test/1733.wav,0
test/1734.wav,0
test/1735.wav,0
test/1736.wav,0
test/1737.wav,0
test/1738.wav,0
test/1739.wav,0
test/1740.wav,0
test/1741.wav,0
test/1742.wav,0
test/1743.wav,0
test/1744.wav,0
test/1745.wav,0
test/1746.wav,0
test/1747.wav,0
test/1748.wav,0
test/1749.wav,0
test/1750.wav,0
test/1751.wav,0
test/1752.wav,0
test/1753.wav,0
test/1754.wav,0
test/1755.wav,0
test/1756.wav,0
test/1757.wav,0
test/1758.wav,0
test/1759.wav,0
test/1760.wav,0
test/1761.wav,0
test/1762.wav,0
test/1763.wav,0
test/1764.wav,0
test/1765.wav,0
test/1766.wav,0
test/1767.wav,0
test/1768.wav,0
test/1769.wav,0
test/1770.wav,0
test/1771.wav,0
test/1772.wav,0
test/1773.wav,0
test/1774.wav,0
test/1775.wav,0
test/1776.wav,0
test/1777.wav,0
test/1778.wav,0
test/1779.wav,0
test/1780.wav,0
test/1781.wav,0
test/1782.wav,0
test/1783.wav,0
test/1784.wav,0
test/1785.wav,0
test/1786.wav,0
test/1787.wav,0
test/1788.wav,0
test/1789.wav,0
test/1790.wav,0
test/1791.wav,0
test/1792.wav,0
test/1793.wav,0
test/1794.wav,0
test/1795.wav,0
test/1796.wav,0
test/1797.wav,0
test/1798.wav,0
test/1799.wav,0
test/1800.wav,0
test/1801.wav,0
test/1802.wav,0
test/1803.wav,0
test/1804.wav,0
test/1805.wav,0
test/1806.wav,0
test/1807.wav,0
test/1808.wav,0
test/1809.wav,0
test/1810.wav,0
test/1811.wav,0
test/1812.wav,0
test/1813.wav,0
test/1814.wav,0
test/1815.wav,0
test/1816.wav,0
test/1817.wav,0
test/1818.wav,0
test/1819.wav,0
test/1820.wav,0
test/1821.wav,0
test/1822.wav,0
test/1823.wav,0
test/1824.wav,0
test/1825.wav,0
test/1826.wav,0
test/1827.wav,0
test/1828.wav,0
test/1829.wav,0
test/1830.wav,0
test/1831.wav,0
test/1832.wav,0
test/1833.wav,0
test/1834.wav,0
test/1835.wav,0
test/1836.wav,0
test/1837.wav,0
test/1838.wav,0
test/1839.wav,0
test/1840.wav,0
test/1841.wav,0
test/1842.wav,0
test/1843.wav,0
test/1844.wav,0
test/1845.wav,0
test/1846.wav,0
test/1847.wav,0
test/1848.wav,0
test/1849.wav,0
test/1850.wav,0
test/1851.wav,0
test/1852.wav,0
test/1853.wav,0
test/1854.wav,0
test/1855.wav,0
test/1856.wav,0
test/1857.wav,0
test/1858.wav,0
test/1859.wav,0
test/1860.wav,0
test/1861.wav,0
test/1862.wav,0
test/1863.wav,0
test/1864.wav,0
test/1865.wav,0
test/1866.wav,0
test/1867.wav,0
test/1868.wav,0
test/1869.wav,0
test/1870.wav,0
test/1871.wav,0
test/1872.wav,0
test/1873.wav,0
test/1874.wav,0
test/1875.wav,0
test/1876.wav,0
test/1877.wav,0
test/1878.wav,0
test/1879.wav,0
test/1880.wav,0
test/1881.wav,0
test/1882.wav,0
test/1883.wav,0
test/1884.wav,0
test/1885.wav,0
test/1886.wav,0
test/1887.wav,0
test/1888.wav,0
test/1889.wav,0
test/1890.wav,0
test/1891.wav,0
test/1892.wav,0
test/1893.wav,0
test/1894.wav,0
test/1895.wav,0
test/1896.wav,0
test/1897.wav,0
test/1898.wav,0
test/1899.wav,0
test/1900.wav,0
test/1901.wav,0
test/1902.wav,0
test/1903.wav,0
test/1904.wav,0
test/1905.wav,0
test/1906.wav,0
test/1907.wav,0
test/1908.wav,0
test/1909.wav,0
test/1910.wav,0
test/1911.wav,0
test/1912.wav,0
test/1913.wav,0
test/1914.wav,0
test/1915.wav,0
test/1916.wav,0
test/1917.wav,0
test/1918.wav,0
test/1919.wav,0
test/1920.wav,0
test/1921.wav,0
test/1922.wav,0
test/1923.wav,0
test/1924.wav,0
test/1925.wav,0
test/1926.wav,0
test/1927.wav,0
test/1928.wav,0
test/1929.wav,0
test/1930.wav,0
test/1931.wav,0
test/1932.wav,0
test/1933.wav,0
test/1934.wav,0
test/1935.wav,0
test/1936.wav,0
test/1937.wav,0
test/1938.wav,0
test/1939.wav,0
test/1940.wav,0
test/1941.wav,0
test/1942.wav,0
test/1943.wav,0
test/1944.wav,0
test/1945.wav,0
test/1946.wav,0
test/1947.wav,0
test/1948.wav,0
test/1949.wav,0
test/1950.wav,0
test/1951.wav,0
test/1952.wav,0
test/1953.wav,0
test/1954.wav,0
test/1955.wav,0
test/1956.wav,0
test/1957.wav,0
test/1958.wav,0
test/1959.wav,0
test/1960.wav,0
test/1961.wav,0
test/1962.wav,0
test/1963.wav,0
test/1964.wav,0
test/1965.wav,0
test/1966.wav,0
test/1967.wav,0
test/1968.wav,0
test/1969.wav,0
test/1970.wav,0
test/1971.wav,0
test/1972.wav,0
test/1973.wav,0
test/1974.wav,0
test/1975.wav,0
test/1976.wav,0
test/1977.wav,0
test/1978.wav,0
test/1979.wav,0
test/1980.wav,0
test/1981.wav,0
test/1982.wav,0
test/1983.wav,0
test/1984.wav,0
test/1985.wav,0
test/1986.wav,0
test/1987.wav,0
test/1988.wav,0
test/1989.wav,0
test/1990.wav,0
test/1991.wav,0
test/1992.wav,0
test/1993.wav,0
test/1994.wav,0
test/1995.wav,0
test/1996.wav,0
test/1997.wav,0
test/1998.wav,0
test/1999.wav,0
test/2000.wav,0
test/2001.wav,0
test/2002.wav,0
test/2003.wav,0
test/2004.wav,0
test/2005.wav,0
test/2006.wav,0
test/2007.wav,0
test/2008.wav,0
test/2009.wav,0
test/2010.wav,0
test/2011.wav,0
test/2012.wav,0
test/2013.wav,0
test/2014.wav,0
test/2015.wav,0
test/2016.wav,0
test/2017.wav,0
test/2018.wav,0
test/2019.wav,0
test/2020.wav,0
test/2021.wav,0
test/2022.wav,0
test/2023.wav,0
test/2024.wav,0
test/2025.wav,0
test/2026.wav,0
test/2027.wav,0
test/2028.wav,0
test/2029.wav,0
test/2030.wav,0
test/2031.wav,0
test/2032.wav,0
test/2033.wav,0
test/2034.wav,0
test/2035.wav,0
test/2036.wav,0
test/2037.wav,0
test/2038.wav,0
test/2039.wav,0
test/2040.wav,0
test/2041.wav,0
test/2042.wav,0
test/2043.wav,0
test/2044.wav,0
test/2045.wav,0
test/2046.wav,0
test/2047.wav,0
test/2048.wav,0
test/2049.wav,0
test/2050.wav,0
test/2051.wav,0
test/2052.wav,0
test/2053.wav,0
test/2054.wav,0
test/2055.wav,0
test/2056.wav,0
test/2057.wav,0
test/2058.wav,0
test/2059.wav,0
test/2060.wav,0
test/2061.wav,0
test/2062.wav,0
test/2063.wav,0
test/2064.wav,0
test/2065.wav,0
test/2066.wav,0
test/2067.wav,0
test/2068.wav,0
test/2069.wav,0
test/2070.wav,0
test/2071.wav,0
test/2072.wav,0
test/2073.wav,0
test/2074.wav,0
test/2075.wav,0
test/2076.wav,0
test/2077.wav,0
test/2078.wav,0
test/2079.wav,0
test/2080.wav,0
test/2081.wav,0
test/2082.wav,0
test/2083.wav,0
test/2084.wav,0
test/2085.wav,0
test/2086.wav,0
test/2087.wav,0
test/2088.wav,0
test/2089.wav,0
test/2090.wav,0
test/2091.wav,0
test/2092.wav,0
test/2093.wav,0
test/2094.wav,0
test/2095.wav,0
test/2096.wav,0
test/2097.wav,0
test/2098.wav,0
test/2099.wav,0
test/2100.wav,0
test/2101.wav,0
test/2102.wav,0
test/2103.wav,0
test/2104.wav,0
test/2105.wav,0
test/2106.wav,0
test/2107.wav,0
test/2108.wav,0
test/2109.wav,0
test/2110.wav,0
test/2111.wav,0
test/2112.wav,0
test/2113.wav,0
test/2114.wav,0
test/2115.wav,0
test/2116.wav,0
test/2117.wav,0
test/2118.wav,0
test/2119.wav,0
test/2120.wav,0
test/2121.wav,0
test/2122.wav,0
test/2123.wav,0
test/2124.wav,0
test/2125.wav,0
test/2126.wav,0
test/2127.wav,0
test/2128.wav,0
test/2129.wav,0
test/2130.wav,0
test/2131.wav,0
test/2132.wav,0
test/2133.wav,0
test/2134.wav,0
test/2135.wav,0
test/2136.wav,0
test/2137.wav,0
test/2138.wav,0
test/2139.wav,0
test/2140.wav,0
test/2141.wav,0
test/2142.wav,0
test/2143.wav,0
test/2144.wav,0
test/2145.wav,0
test/2146.wav,0
test/2147.wav,0
test/2148.wav,0
test/2149.wav,0
test/2150.wav,0
test/2151.wav,0
test/2152.wav,0
test/2153.wav,0
test/2154.wav,0
test/2155.wav,0
test/2156.wav,0
test/2157.wav,0
test/2158.wav,0
test/2159.wav,0
test/2160.wav,0
test/2161.wav,0
test/2162.wav,0
test/2163.wav,0
test/2164.wav,0
test/2165.wav,0
test/2166.wav,0
test/2167.wav,0
test/2168.wav,0
test/2169.wav,0
test/2170.wav,0
test/2171.wav,0
test/2172.wav,0
test/2173.wav,0
test/2174.wav,0
test/2175.wav,0
test/2176.wav,0
test/2177.wav,0
test/2178.wav,0
test/2179.wav,0
test/2180.wav,0
test/2181.wav,0
test/2182.wav,0
test/2183.wav,0
test/2184.wav,0
test/2185.wav,0
test/2186.wav,0
test/2187.wav,0
test/2188.wav,0
test/2189.wav,0
test/2190.wav,0
test/2191.wav,0
test/2192.wav,0
test/2193.wav,0
test/2194.wav,0
test/2195.wav,0
test/2196.wav,0
test/2197.wav,0
test/2198.wav,0
test/2199.wav,0
test/2200.wav,0
test/2201.wav,0
test/2202.wav,0
test/2203.wav,0
test/2204.wav,0
test/2205.wav,0
test/2206.wav,0
test/2207.wav,0
test/2208.wav,0
test/2209.wav,0
test/2210.wav,0
test/2211.wav,0
test/2212.wav,0
test/2213.wav,0
test/2214.wav,0
test/2215.wav,0
test/2216.wav,0
test/2217.wav,0
test/2218.wav,0
test/2219.wav,0
test/2220.wav,0
test/2221.wav,0
test/2222.wav,0
test/2223.wav,0
test/2224.wav,0
test/2225.wav,0
test/2226.wav,0
test/2227.wav,0
test/2228.wav,0
test/2229.wav,0
test/2230.wav,0
test/2231.wav,0
test/2232.wav,0
test/2233.wav,0
test/2234.wav,0
test/2235.wav,0
test/2236.wav,0
test/2237.wav,0
test/2238.wav,0
test/2239.wav,0
test/2240.wav,0
test/2241.wav,0
test/2242.wav,0
test/2243.wav,0
test/2244.wav,0
test/2245.wav,0
test/2246.wav,0
test/2247.wav,0
test/2248.wav,0
test/2249.wav,0
test/2250.wav,0
test/2251.wav,0
test/2252.wav,0
test/2253.wav,0
test/2254.wav,0
test/2255.wav,0
test/2256.wav,0
test/2257.wav,0
test/2258.wav,0
test/2259.wav,0
test/2260.wav,0
test/2261.wav,0
test/2262.wav,0
test/2263.wav,0
test/2264.wav,0
test/2265.wav,0
test/2266.wav,0
test/2267.wav,0
test/2268.wav,0
test/2269.wav,0
test/2270.wav,0
test/2271.wav,0
test/2272.wav,0
test/2273.wav,0
test/2274.wav,0
test/2275.wav,0
test/2276.wav,0
test/2277.wav,0
test/2278.wav,0
test/2279.wav,0
test/2280.wav,0
test/2281.wav,0
test/2282.wav,0
test/2283.wav,0
test/2284.wav,0
test/2285.wav,0
test/2286.wav,0
test/2287.wav,0
test/2288.wav,0
test/2289.wav,0
test/2290.wav,0
test/2291.wav,0
test/2292.wav,0
test/2293.wav,0
test/2294.wav,0
test/2295.wav,0
test/2296.wav,0
test/2297.wav,0
test/2298.wav,0
test/2299.wav,0
test/2300.wav,0
test/2301.wav,0
test/2302.wav,0
test/2303.wav,0
test/2304.wav,0
test/2305.wav,0
test/2306.wav,0
test/2307.wav,0
test/2308.wav,0
test/2309.wav,0
test/2310.wav,0
test/2311.wav,0
test/2312.wav,0
test/2313.wav,0
test/2314.wav,0
test/2315.wav,0
test/2316.wav,0
test/2317.wav,0
test/2318.wav,0
test/2319.wav,0
test/2320.wav,0
test/2321.wav,0
test/2322.wav,0
test/2323.wav,0
test/2324.wav,0
test/2325.wav,0
test/2326.wav,0
test/2327.wav,0
test/2328.wav,0
test/2329.wav,0
test/2330.wav,0
test/2331.wav,0
test/2332.wav,0
test/2333.wav,0
test/2334.wav,0
test/2335.wav,0
test/2336.wav,0
test/2337.wav,0
test/2338.wav,0
test/2339.wav,0
test/2340.wav,0
test/2341.wav,0
test/2342.wav,0
test/2343.wav,0
test/2344.wav,0
test/2345.wav,0
test/2346.wav,0
test/2347.wav,0
test/2348.wav,0
test/2349.wav,0
test/2350.wav,0
test/2351.wav,0
test/2352.wav,0
test/2353.wav,0
test/2354.wav,0
test/2355.wav,0
test/2356.wav,0
test/2357.wav,0
test/2358.wav,0
test/2359.wav,0
test/2360.wav,0
test/2361.wav,0
test/2362.wav,0
test/2363.wav,0
test/2364.wav,0
test/2365.wav,0
test/2366.wav,0
test/2367.wav,0
test/2368.wav,0
test/2369.wav,0
test/2370.wav,0
test/2371.wav,0
test/2372.wav,0
test/2373.wav,0
test/2374.wav,0
test/2375.wav,0
test/2376.wav,0
test/2377.wav,0
test/2378.wav,0
test/2379.wav,0
test/2380.wav,0
test/2381.wav,0
test/2382.wav,0
test/2383.wav,0
test/2384.wav,0
test/2385.wav,0
test/2386.wav,0
test/2387.wav,0
test/2388.wav,0
test/2389.wav,0
test/2390.wav,0
test/2391.wav,0
test/2392.wav,0
test/2393.wav,0
test/2394.wav,0
test/2395.wav,0
test/2396.wav,0
test/2397.wav,0
test/2398.wav,0
test/2399.wav,0
test/2400.wav,0
test/2401.wav,0
test/2402.wav,0
test/2403.wav,0
test/2404.wav,0
test/2405.wav,0
test/2406.wav,0
test/2407.wav,0
test/2408.wav,0
test/2409.wav,0
test/2410.wav,0
test/2411.wav,0
test/2412.wav,0
test/2413.wav,0
test/2414.wav,0
test/2415.wav,0
test/2416.wav,0
test/2417.wav,0
test/2418.wav,0
test/2419.wav,0
test/2420.wav,0
test/2421.wav,0
test/2422.wav,0
test/2423.wav,0
test/2424.wav,0
test/2425.wav,0
test/2426.wav,0
test/2427.wav,0
test/2428.wav,0
test/2429.wav,0
test/2430.wav,0
test/2431.wav,0
test/2432.wav,0
test/2433.wav,0
test/2434.wav,0
test/2435.wav,0
test/2436.wav,0
test/2437.wav,0
test/2438.wav,0
test/2439.wav,0
test/2440.wav,0
test/2441.wav,0
test/2442.wav,0
test/2443.wav,0
test/2444.wav,0
test/2445.wav,0
test/2446.wav,0
test/2447.wav,0
test/2448.wav,0
test/2449.wav,0
test/2450.wav,0
test/2451.wav,0
test/2452.wav,0
test/2453.wav,0
test/2454.wav,0
test/2455.wav,0
test/2456.wav,0
test/2457.wav,0
test/2458.wav,0
test/2459.wav,0
test/2460.wav,0
test/2461.wav,0
test/2462.wav,0
test/2463.wav,0
test/2464.wav,0
test/2465.wav,0
test/2466.wav,0
test/2467.wav,0
test/2468.wav,0
test/2469.wav,0
test/2470.wav,0
test/2471.wav,0
test/2472.wav,0
test/2473.wav,0
test/2474.wav,0
test/2475.wav,0
test/2476.wav,0
test/2477.wav,0
test/2478.wav,0
test/2479.wav,0
test/2480.wav,0
test/2481.wav,0
test/2482.wav,0
test/2483.wav,0
test/2484.wav,0
test/2485.wav,0
test/2486.wav,0
test/2487.wav,0
test/2488.wav,0
test/2489.wav,0
test/2490.wav,0
test/2491.wav,0
test/2492.wav,0
test/2493.wav,0
test/2494.wav,0
test/2495.wav,0
test/2496.wav,0
test/2497.wav,0
test/2498.wav,0
test/2499.wav,0
test/2500.wav,0
test/2501.wav,0
test/2502.wav,0
test/2503.wav,0
test/2504.wav,0
test/2505.wav,0
test/2506.wav,0
test/2507.wav,0
test/2508.wav,0
test/2509.wav,0
test/2510.wav,0
test/2511.wav,0
test/2512.wav,0
test/2513.wav,0
test/2514.wav,0
test/2515.wav,0
test/2516.wav,0
test/2517.wav,0
test/2518.wav,0
test/2519.wav,0
test/2520.wav,0
test/2521.wav,0
test/2522.wav,0
test/2523.wav,0
test/2524.wav,0
test/2525.wav,0
test/2526.wav,0
test/2527.wav,0
test/2528.wav,0
test/2529.wav,0
test/2530.wav,0
test/2531.wav,0
test/2532.wav,0
test/2533.wav,0
test/2534.wav,0
test/2535.wav,0
test/2536.wav,0
test/2537.wav,0
test/2538.wav,0
test/2539.wav,0
test/2540.wav,0
test/2541.wav,0
test/2542.wav,0
test/2543.wav,0
test/2544.wav,0
test/2545.wav,0
test/2546.wav,0
test/2547.wav,0
test/2548.wav,0
test/2549.wav,0
test/2550.wav,0
test/2551.wav,0
test/2552.wav,0
test/2553.wav,0
test/2554.wav,0
test/2555.wav,0
test/2556.wav,0
test/2557.wav,0
test/2558.wav,0
test/2559.wav,0
test/2560.wav,0
test/2561.wav,0
test/2562.wav,0
test/2563.wav,0
test/2564.wav,0
test/2565.wav,0
test/2566.wav,0
test/2567.wav,0
test/2568.wav,0
test/2569.wav,0
test/2570.wav,0
test/2571.wav,0
test/2572.wav,0
test/2573.wav,0
test/2574.wav,0
test/2575.wav,0
test/2576.wav,0
test/2577.wav,0
test/2578.wav,0
test/2579.wav,0
test/2580.wav,0
test/2581.wav,0
test/2582.wav,0
test/2583.wav,0
test/2584.wav,0
test/2585.wav,0
test/2586.wav,0
test/2587.wav,0
test/2588.wav,0
test/2589.wav,0
test/2590.wav,0
test/2591.wav,0
test/2592.wav,0
test/2593.wav,0
test/2594.wav,0
test/2595.wav,0
test/2596.wav,0
test/2597.wav,0
test/2598.wav,0
test/2599.wav,0
test/2600.wav,0
test/2601.wav,0
test/2602.wav,0
test/2603.wav,0
test/2604.wav,0
test/2605.wav,0
test/2606.wav,0
test/2607.wav,0
test/2608.wav,0
test/2609.wav,0
test/2610.wav,0
test/2611.wav,0
test/2612.wav,0
test/2613.wav,0
test/2614.wav,0
test/2615.wav,0
test/2616.wav,0
test/2617.wav,0
test/2618.wav,0
test/2619.wav,0
test/2620.wav,0
test/2621.wav,0
test/2622.wav,0
test/2623.wav,0
test/2624.wav,0
test/2625.wav,0
test/2626.wav,0
test/2627.wav,0
test/2628.wav,0
test/2629.wav,0
test/2630.wav,0
test/2631.wav,0
test/2632.wav,0
test/2633.wav,0
test/2634.wav,0
test/2635.wav,0
test/2636.wav,0
test/2637.wav,0
test/2638.wav,0
test/2639.wav,0
test/2640.wav,0
test/2641.wav,0
test/2642.wav,0
test/2643.wav,0
test/2644.wav,0
test/2645.wav,0
test/2646.wav,0
test/2647.wav,0
test/2648.wav,0
test/2649.wav,0
test/2650.wav,0
test/2651.wav,0
test/2652.wav,0
test/2653.wav,0
test/2654.wav,0
test/2655.wav,0
test/2656.wav,0
test/2657.wav,0
test/2658.wav,0
test/2659.wav,0
test/2660.wav,0
test/2661.wav,0
test/2662.wav,0
test/2663.wav,0
test/2664.wav,0
test/2665.wav,0
test/2666.wav,0
test/2667.wav,0
test/2668.wav,0
test/2669.wav,0
test/2670.wav,0
test/2671.wav,0
test/2672.wav,0
test/2673.wav,0
test/2674.wav,0
test/2675.wav,0
test/2676.wav,0
test/2677.wav,0
test/2678.wav,0
test/2679.wav,0
test/2680.wav,0
test/2681.wav,0
test/2682.wav,0
test/2683.wav,0
test/2684.wav,0
test/2685.wav,0
test/2686.wav,0
test/2687.wav,0
test/2688.wav,0
test/2689.wav,0
test/2690.wav,0
test/2691.wav,0
test/2692.wav,0
test/2693.wav,0
test/2694.wav,0
test/2695.wav,0
test/2696.wav,0
test/2697.wav,0
test/2698.wav,0
test/2699.wav,0
test/2700.wav,0
test/2701.wav,0
test/2702.wav,0
test/2703.wav,0
test/2704.wav,0
test/2705.wav,0
test/2706.wav,0
test/2707.wav,0
test/2708.wav,0
test/2709.wav,0
test/2710.wav,0
test/2711.wav,0
test/2712.wav,0
test/2713.wav,0
test/2714.wav,0
test/2715.wav,0
test/2716.wav,0
test/2717.wav,0
test/2718.wav,0
test/2719.wav,0
test/2720.wav,0
test/2721.wav,0
test/2722.wav,0
test/2723.wav,0
test/2724.wav,0
test/2725.wav,0
test/2726.wav,0
test/2727.wav,0
test/2728.wav,0
test/2729.wav,0
test/2730.wav,0
test/2731.wav,0
test/2732.wav,0
test/2733.wav,0
test/2734.wav,0
test/2735.wav,0
test/2736.wav,0
test/2737.wav,0
test/2738.wav,0
test/2739.wav,0
test/2740.wav,0
test/2741.wav,0
test/2742.wav,0
test/2743.wav,0
test/2744.wav,0
test/2745.wav,0
test/2746.wav,0
test/2747.wav,0
test/2748.wav,0
test/2749.wav,0
test/2750.wav,0
test/2751.wav,0
test/2752.wav,0
test/2753.wav,0
test/2754.wav,0
test/2755.wav,0
test/2756.wav,0
test/2757.wav,0
test/2758.wav,0
test/2759.wav,0
test/2760.wav,0
test/2761.wav,0
test/2762.wav,0
test/2763.wav,0
test/2764.wav,0
test/2765.wav,0
test/2766.wav,0
test/2767.wav,0
test/2768.wav,0
test/2769.wav,0
test/2770.wav,0
test/2771.wav,0
test/2772.wav,0
test/2773.wav,0
test/2774.wav,0
test/2775.wav,0
test/2776.wav,0
test/2777.wav,0
test/2778.wav,0
test/2779.wav,0
test/2780.wav,0
test/2781.wav,0
test/2782.wav,0
test/2783.wav,0
test/2784.wav,0
test/2785.wav,0
test/2786.wav,0
test/2787.wav,0
test/2788.wav,0
test/2789.wav,0
test/2790.wav,0
test/2791.wav,0
test/2792.wav,0
test/2793.wav,0
test/2794.wav,0
test/2795.wav,0
test/2796.wav,0
test/2797.wav,0
test/2798.wav,0
test/2799.wav,0
test/2800.wav,0
test/2801.wav,0
test/2802.wav,0
test/2803.wav,0
test/2804.wav,0
test/2805.wav,0
test/2806.wav,0
test/2807.wav,0
test/2808.wav,0
test/2809.wav,0
test/2810.wav,0
test/2811.wav,0
test/2812.wav,0
test/2813.wav,0
test/2814.wav,0
test/2815.wav,0
test/2816.wav,0
test/2817.wav,0
test/2818.wav,0
test/2819.wav,0
test/2820.wav,0
test/2821.wav,0
test/2822.wav,0
test/2823.wav,0
test/2824.wav,0
test/2825.wav,0
test/2826.wav,0
test/2827.wav,0
test/2828.wav,0
test/2829.wav,0
test/2830.wav,0
test/2831.wav,0
test/2832.wav,0
test/2833.wav,0
test/2834.wav,0
test/2835.wav,0
test/2836.wav,0
test/2837.wav,0
test/2838.wav,0
test/2839.wav,0
test/2840.wav,0
test/2841.wav,0
test/2842.wav,0
test/2843.wav,0
test/2844.wav,0
test/2845.wav,0
test/2846.wav,0
test/2847.wav,0
test/2848.wav,0
test/2849.wav,0
test/2850.wav,0
test/2851.wav,0
test/2852.wav,0
test/2853.wav,0
test/2854.wav,0
test/2855.wav,0
test/2856.wav,0
test/2857.wav,0
test/2858.wav,0
test/2859.wav,0
test/2860.wav,0
test/2861.wav,0
test/2862.wav,0
test/2863.wav,0
test/2864.wav,0
test/2865.wav,0
test/2866.wav,0
test/2867.wav,0
test/2868.wav,0
test/2869.wav,0
test/2870.wav,0
test/2871.wav,0
test/2872.wav,0
test/2873.wav,0
test/2874.wav,0
test/2875.wav,0
test/2876.wav,0
test/2877.wav,0
test/2878.wav,0
test/2879.wav,0
test/2880.wav,0
test/2881.wav,0
test/2882.wav,0
test/2883.wav,0
test/2884.wav,0
test/2885.wav,0
test/2886.wav,0
test/2887.wav,0
test/2888.wav,0
test/2889.wav,0
test/2890.wav,0
test/2891.wav,0
test/2892.wav,0
test/2893.wav,0
test/2894.wav,0
test/2895.wav,0
test/2896.wav,0
test/2897.wav,0
test/2898.wav,0
test/2899.wav,0
test/2900.wav,0
test/2901.wav,0
test/2902.wav,0
test/2903.wav,0
test/2904.wav,0
test/2905.wav,0
test/2906.wav,0
test/2907.wav,0
test/2908.wav,0
test/2909.wav,0
test/2910.wav,0
test/2911.wav,0
test/2912.wav,0
test/2913.wav,0
test/2914.wav,0
test/2915.wav,0
test/2916.wav,0
test/2917.wav,0
test/2918.wav,0
test/2919.wav,0
test/2920.wav,0
test/2921.wav,0
test/2922.wav,0
test/2923.wav,0
test/2924.wav,0
test/2925.wav,0
test/2926.wav,0
test/2927.wav,0
test/2928.wav,0
test/2929.wav,0
test/2930.wav,0
test/2931.wav,0
test/2932.wav,0
test/2933.wav,0
test/2934.wav,0
test/2935.wav,0
test/2936.wav,0
test/2937.wav,0
test/2938.wav,0
test/2939.wav,0
test/2940.wav,0
test/2941.wav,0
test/2942.wav,0
test/2943.wav,0
test/2944.wav,0
test/2945.wav,0
test/2946.wav,0
test/2947.wav,0
test/2948.wav,0
test/2949.wav,0
test/2950.wav,0
test/2951.wav,0
test/2952.wav,0
test/2953.wav,0
test/2954.wav,0
test/2955.wav,0
test/2956.wav,0
test/2957.wav,0
test/2958.wav,0
test/2959.wav,0
test/2960.wav,0
test/2961.wav,0
test/2962.wav,0
test/2963.wav,0
test/2964.wav,0
test/2965.wav,0
test/2966.wav,0
test/2967.wav,0
test/2968.wav,0
test/2969.wav,0
test/2970.wav,0
test/2971.wav,0
test/2972.wav,0
test/2973.wav,0
test/2974.wav,0
test/2975.wav,0
test/2976.wav,0
test/2977.wav,0
test/2978.wav,0
test/2979.wav,0
test/2980.wav,0
test/2981.wav,0
test/2982.wav,0
test/2983.wav,0
test/2984.wav,0
test/2985.wav,0
test/2986.wav,0
test/2987.wav,0
test/2988.wav,0
test/2989.wav,0
test/2990.wav,0
test/2991.wav,0
test/2992.wav,0
test/2993.wav,0
test/2994.wav,0
test/2995.wav,0
test/2996.wav,0
test/2997.wav,0
test/2998.wav,0
test/2999.wav,0
test/3000.wav,0
test/3001.wav,0
test/3002.wav,0
test/3003.wav,0
test/3004.wav,0
test/3005.wav,0
test/3006.wav,0
test/3007.wav,0
test/3008.wav,0
test/3009.wav,0
test/3010.wav,0
test/3011.wav,0
test/3012.wav,0
test/3013.wav,0
test/3014.wav,0
test/3015.wav,0
test/3016.wav,0
test/3017.wav,0
test/3018.wav,0
test/3019.wav,0
test/3020.wav,0
test/3021.wav,0
test/3022.wav,0
test/3023.wav,0
test/3024.wav,0
test/3025.wav,0
test/3026.wav,0
test/3027.wav,0
test/3028.wav,0
test/3029.wav,0
test/3030.wav,0
test/3031.wav,0
test/3032.wav,0
test/3033.wav,0
test/3034.wav,0
test/3035.wav,0
test/3036.wav,0
test/3037.wav,0
test/3038.wav,0
test/3039.wav,0
test/3040.wav,0
test/3041.wav,0
test/3042.wav,0
test/3043.wav,0
test/3044.wav,0
test/3045.wav,0
test/3046.wav,0
test/3047.wav,0
test/3048.wav,0
test/3049.wav,0
test/3050.wav,0
test/3051.wav,0
test/3052.wav,0
test/3053.wav,0
test/3054.wav,0
test/3055.wav,0
test/3056.wav,0
test/3057.wav,0
test/3058.wav,0
test/3059.wav,0
